INSERT INTO apiato.instance_type (instance_type_id, type, description) VALUES
  (1, 'ZOOKEEPER', 'Zookeeper instance type'),
  (2, 'KAFKA', 'Kafka instance type');


INSERT INTO apiato.cluster (cluster_id, owner, name, e_group, category, creation_date, expiry_date, instance_type_id, project, description, version, master_cluster_id, state, status, lb_alias)
VALUES
  (6, 'user1', 'cluster-zk-user1', 'egroup1', 'DEV', '2017-01-25', NULL, 1, 'user1 cluster', 'Zookeeper development',
      '3.4.9', NULL, 'RUNNING', 'ACTIVE', NULL),
  (4, 'user3', 'cluster-zk-user3', 'egroup1', 'DEV', '2017-01-20', NULL, 1, ' user2', 'Zookeeper test cluster', '3.4.9', NULL, 'RUNNING', 'ACTIVE', NULL),
  (1, 'user2', 'cluster-zk-user2', 'egroup1', 'DEV', '2016-12-12', NULL, 1, 'user2', 'Zookeeper development cluster', '3.4.10', NULL, 'RUNNING', 'ACTIVE', NULL),
  (33, 'user5', 'cluster-zk-user5', 'user5-support', 'DEV', '2017-03-14', NULL, 1, 'user5', 'zk  user5', '3.4.9', NULL, 'RUNNING', 'ACTIVE', NULL),
  (23, 'user4', 'cluster-zk-user4', 'egroup1', 'DEV', '2017-03-09', NULL, 1, 'user4', 'Zookeeper  user4', '3.4.10', NULL, 'RUNNING', 'ACTIVE', NULL),
  (35, 'user6', 'cluster-zk-user6', 'egroup1', 'DEV', '2017-04-03', NULL, 1, 'NONE', 'Zookeeper internal cluster', '3.4.10', NULL, 'RUNNING', 'ACTIVE', NULL),
  (41, 'user3', 'cluster-zk-user3', 'egroup2', 'PROD', '2017-04-18', NULL, 1, ' user2', 'Zookeeper  ', '3.4.10', NULL, 'RUNNING', 'ACTIVE', NULL),
  (42, 'user2', 'cluster-zk-user2', 'egroup1', 'DEV', '2017-04-24', NULL, 1, 'NONE', 'Zookeeper  cluster', '3.4.10', NULL, 'RUNNING', 'ACTIVE', NULL),
  (43, 'user2', 'cluster-kafka-user2', 'egroup1', 'DEV', '2017-04-25', NULL, 2, 'None', 'None', '0.10.2.0', 42, 'RUNNING', 'ACTIVE', NULL),
  (40, 'user3', 'cluster-kafka-user3', 'egroup2', 'PROD', '2017-04-18', NULL, 2, ' ', 'Kafka Cluster for ', '0.10.2.0', 41, 'RUNNING', 'ACTIVE', NULL),
  (2, 'user2', 'cluster-kafka-user2', 'egroup1', 'DEV', '2016-12-12', NULL, 2, 'user2', 'Kafka  cluster', '0.10.2.0', 1, 'RUNNING', 'ACTIVE', 'alias2'),
  (5, 'user3', 'cluster-kafka-user3', 'egroup1', 'DEV', '2017-01-20', NULL, 2, ' user2', 'Kafka test cluster',
      '0.10.2.0', 4, 'RUNNING', 'ACTIVE', NULL),
  (7, 'user1', 'cluster-kafka-user1-dev', 'egroup1', 'DEV', '2017-01-25', NULL, 2, 'user1 dev cluster', 'None',
      '0.10.2.0', 6, 'RUNNING', 'ACTIVE', 'alias1'),
  (32, 'user4', 'cluster-kafka-user4', 'egroup1', 'DEV', '2017-03-13', NULL, 2, 'user4',
       'kafka  user4', '0.10.2.0', 23, 'RUNNING', 'ACTIVE', NULL);


INSERT INTO apiato.host (host_id, name, memory) VALUES
  (3, 'zk-user2-003', 8),
  (4, 'kafka-user2-001', 8),
  (5, 'kafka-user2-002', 8),
  (6, 'kafka-user2-003', 8),
  (7, 'kafka-user2-004', 8),
  (59, 'kafka-user2-005', 8),
  (9, 'kafka-user3-01', 8),
  (10, 'kafka-user3-02', 8),
  (11, 'kafka-user3-03', 8),
  (12, 'kafka-user3-04', 8),
  (13, 'kafka-user3-05', 8),
  (14, 'zk-user3-01', 8),
  (15, 'zk-user3-02', 8),
  (16, 'zk-user3-03', 8),
  (18, 'zk-user1-01', 8),
  (24, 'kafka-user1-02', 8),
  (42, 'kafka-user2-02', 8),
  (41, 'kafka-user2-01', 8),
  (40, 'zk-user2-01', 8),
  (32, 'zk-user4-01', 8),
  (33, 'zk-user4-02', 8),
  (34, 'zk-user4-03', 8),
  (53, 'kafka-user4-01', 8),
  (54, 'kafka-user4-02', 8),
  (55, 'kafka-user4-03', 8),
  (56, 'kafka-user4-04', 8),
  (57, 'kafka-user4-05', 8),
  (60, 'zk-user5-01', 8),
  (61, 'zk-user5-02', 8),
  (62, 'zk-user5-03', 8),
  (63, 'kafka-user5-01', 8),
  (64, 'kafka-user5-02', 8),
  (65, 'kafka-user5-03', 8),
  (66, 'kafka-user5-04', 8),
  (67, 'kafka-user5-05', 8),
  (68, 'zk-user6', 8),
  (80, 'zk-user3-001', 8),
  (81, 'zk-user3-002', 8),
  (82, 'zk-user3-003', 8),
  (70, 'kafka-user3-001', 8),
  (71, 'kafka-user3-002', 8),
  (73, 'kafka-user3-004', 8),
  (74, 'kafka-user3-005', 8),
  (75, 'kafka-user3-006', 8),
  (76, 'kafka-user3-007', 8),
  (77, 'kafka-user3-008', 8),
  (78, 'kafka-user3-009', 8),
  (79, 'kafka-user3-010', 8),
  (90, 'zk-user2-dev-01', 8),
  (93, 'kafka-user2-dev-01', 8),
  (94, 'kafka-user2-dev-02', 8),
  (95, 'kafka-user2-dev-03', 8),
  (1, 'zk-user2-001', 8),
  (2, 'zk-user2-002', 8);


INSERT INTO apiato.instance (instance_id, OWNER, NAME, e_group, CATEGORY, creation_date, expiry_date, instance_type_id, size, no_connections, project, description, VERSION, host_id, state, status, cluster_id)
VALUES
  (4, 'user2', 'kafka-user2-node-001', 'egroup1', 'DEV', '2016-12-12', NULL, 2, 0, 0, 'user2', 'kafka  node', NULL, 4,
   'RUNNING', 'ACTIVE', 2),
  (5, 'user2', 'kafka-user2-node-002', 'egroup1', 'DEV', '2016-12-12', NULL, 2, 0, 0, 'user2', 'kafka  node', NULL, 5, 'RUNNING', 'ACTIVE', 2),
  (6, 'user2', 'kafka-user2-node-003', 'egroup1', 'DEV', '2016-12-12', NULL, 2, 0, 0, 'user2', 'kafka  node', NULL, 6, 'RUNNING', 'ACTIVE', 2),
  (7, 'user2', 'kafka-user2-node-004', 'egroup1', 'DEV', '2016-12-12', NULL, 2, 0, 0, 'user2', 'kafka  node', NULL, 7, 'RUNNING', 'ACTIVE', 2),
  (1, 'user2', 'zk-user2-node-001', 'egroup1', 'DEV', '2016-12-12', NULL, 1, 0, 0, 'user2', 'Zookeeper  node', NULL, 1, 'RUNNING', 'ACTIVE', 1),
  (2, 'user2', 'zk-user2-node-002', 'egroup1', 'DEV', '2016-12-12', NULL, 1, 0, 0, 'user2', 'Zookeeper  node', NULL, 2, 'RUNNING', 'ACTIVE', 1),
  (3, 'user2', 'zk-user2-node-003', 'egroup1', 'DEV', '2016-12-12', NULL, 1, 0, 0, 'user2', 'Zookeeper  node', NULL, 3, 'RUNNING', 'ACTIVE', 1),
  (31, 'user1', 'kafka-user1-node-02', 'egroup1', 'DEV', '2017-01-25', NULL, 2, 0, 0, ' user2', 'Kafka  ', NULL, 24, 'RUNNING', 'ACTIVE', 7),
  (26, 'user2', 'zk-user1-node-01', 'egroup1', 'DEV', '2017-01-25', NULL, 1, 0, 0, 'user2', 'Zookeeper  node', NULL, 18, 'RUNNING', 'ACTIVE', 6),
  (16, 'user3', 'zk-user3-node-02', 'egroup1', 'DEV', '2017-01-20', NULL, 1, 0, 0, ' user2', 'Zookeeper  ', NULL, 15, 'RUNNING', 'ACTIVE', 4),
  (19, 'user3', 'kafka-user3-node-02', 'egroup1', 'DEV', '2017-01-20', NULL, 2, 0, 0, ' user2',
   'Kafka  ', NULL, 10, 'RUNNING', 'ACTIVE', 5),
  (21, 'user3', 'kafka-user3-node-04', 'egroup1', 'DEV', '2017-01-20', NULL, 2, 0, 0, ' user2', 'Kafka  ', NULL, 12, 'RUNNING', 'ACTIVE', 5),
  (20, 'user3', 'kafka-user3-node-03', 'egroup1', 'DEV', '2017-01-20', NULL, 2, 0, 0, ' user2',
   'Kafka  ', NULL, 11, 'RUNNING', 'ACTIVE', 5),
  (18, 'user3', 'kafka-user3-node-01', 'egroup1', 'DEV', '2017-01-20', NULL, 2, 0, 0, ' user2', 'Kafka  ', NULL, 9, 'RUNNING', 'ACTIVE', 5),
  (15, 'user3', 'zk-user3-node-01', 'egroup1', 'DEV', '2017-01-20', NULL, 1, 0, 0, ' user2',
   'Zookeeper  ', NULL, 14, 'RUNNING', 'ACTIVE', 4),
  (17, 'user3', 'zk-user3-node-03', 'egroup1', 'DEV', '2017-01-20', NULL, 1, 0, 0, ' user2', 'Zookeeper  ', NULL, 16, 'RUNNING', 'ACTIVE', 4),
  (59, 'user2', 'kafka-user2-node-005', 'egroup1', 'DEV', '2017-01-14', NULL, 2, 0, 0, 'user2', 'kafka node for qa',
   NULL, 59, 'RUNNING', 'ACTIVE', 2),
  (62, 'user1', 'zk-user5-node-03', 'egroup1', 'DEV', '2017-03-14', NULL, 1, 0, 0, 'user5', 'Zookeeper  user5', NULL, 62, 'RUNNING', 'ACTIVE', 33),
  (22, 'user3', 'kafka-user3-node-05', 'egroup1', 'DEV', '2017-01-20', NULL, 2, 0, 0, ' user2',
   'Kafka  ', NULL, 13, 'RUNNING', 'ACTIVE', 5),
  (36, 'user1', 'zk-user4-node-01', 'egroup1', 'DEV', '2017-03-09', NULL, 1, 0, 0, 'user4', 'Zookeeper  user4', NULL, 32, 'RUNNING', 'ACTIVE', 23),
  (37, 'user1', 'zk-user4-node-02', 'egroup1', 'DEV', '2017-03-09', NULL, 1, 0, 0, 'user4', 'Zookeeper  user4', NULL, 33, 'RUNNING', 'ACTIVE', 23),
  (38, 'user1', 'zk-user4-node-03', 'egroup1', 'DEV', '2017-03-09', NULL, 1, 0, 0, 'user4', 'Zookeeper  user4', NULL,
   34, 'RUNNING', 'ACTIVE', 23),
  (54, 'user1', 'kafka-user4-node-01', 'egroup1', 'DEV', '2017-03-13', NULL, 2, 0, 0, 'user4', 'Zookeeper  user4',
   NULL, 53, 'RUNNING', 'ACTIVE', 32),
  (55, 'user1', 'kafka-user4-node-02', 'egroup1', 'DEV', '2017-03-13', NULL, 2, 0, 0, 'user4', 'Zookeeper  user4',
   NULL, 54, 'RUNNING', 'ACTIVE', 32),
  (56, 'user1', 'kafka-user4-node-03', 'egroup1', 'DEV', '2017-03-13', NULL, 2, 0, 0, 'user4', 'Zookeeper  user4',
   NULL, 55, 'RUNNING', 'ACTIVE', 32),
  (57, 'user1', 'kafka-user4-node-04', 'egroup1', 'DEV', '2017-03-13', NULL, 2, 0, 0, 'user4', 'Zookeeper  user4',
   NULL, 56, 'RUNNING', 'ACTIVE', 32),
  (58, 'user1', 'kafka-user4-node-05', 'egroup1', 'DEV', '2017-03-13', NULL, 2, 0, 0, 'user4', 'Zookeeper  user4',
   NULL, 57, 'RUNNING', 'ACTIVE', 32),
  (60, 'user1', 'zk-user5-node-01', 'egroup1', 'DEV', '2017-03-14', NULL, 1, 0, 0, 'user5', 'Zookeeper  user5', NULL,
   60, 'RUNNING', 'ACTIVE', 33),
  (61, 'user1', 'zk-user5-node-02', 'egroup1', 'DEV', '2017-03-14', NULL, 1, 0, 0, 'user5', 'Zookeeper  user5', NULL,
   61, 'RUNNING', 'ACTIVE', 33);


INSERT INTO apiato.volume_type (volume_type_id, TYPE, description) VALUES (1, 'NETAPP', 'Netapp Storage Volumes');


INSERT INTO apiato.volume (volume_id, instance_id, file_mode, owner, file_group, server, mount_options, mounting_path, volume_type_id)
VALUES
  (7, 4, '0000', 'kafka', 'kafka', 'share2', 'rw,bg,hard', '/mnt/volume001', 1),
  (8, 5, '0000', 'kafka', 'kafka', 'share3', 'rw,bg,hard', '/mnt/volume002', 1),
  (9, 6, '0000', 'kafka', 'kafka', 'share2', 'rw,bg,hard', '/mnt/volume003', 1),
  (10, 7, '0000', 'kafka', 'kafka', 'share3', 'rw,bg,hard', '/mnt/volume004', 1),
  (12, 18, '0000', 'kafka', 'kafka', 'share3', 'rw,bg,hard', '/mnt/volume006', 1),
  (13, 19, '0000', 'kafka', 'kafka', 'share2', 'rw,bg,hard', '/mnt/volume007', 1),
  (14, 20, '0000', 'kafka', 'kafka', 'share3', 'rw,bg,hard', '/mnt/volume008', 1),
  (15, 21, '0000', 'kafka', 'kafka', 'share2', 'rw,bg,hard', '/mnt/volume009', 1),
  (16, 22, '0000', 'kafka', 'kafka', 'share3', 'rw,bg,hard', '/mnt/volume010', 1),
  (19, 56, '0000', 'kafka', 'kafka', 'share2', 'rw,bg,hard', '/mnt/volume013', 1),
  (17, 54, '0000', 'kafka', 'kafka', 'share2', 'rw,bg,hard', '/mnt/volume011', 1),
  (18, 55, '0000', 'kafka', 'kafka', 'share3', 'rw,bg,hard', '/mnt/volume012', 1),
  (21, 58, '0000', 'kafka', 'kafka', 'share2', 'rw,bg,hard', '/mnt/volume015', 1),
  (20, 57, '0000', 'kafka', 'kafka', 'share3', 'rw,bg,hard', '/mnt/volume014', 1),
  (22, 59, '0000', 'kafka', 'kafka', 'share2', 'rw,bg,hard', '/mnt/volume005', 1),
  (33, 61, '0000', 'kafka', 'kafka', 'share3', 'rw,bg,hard', '/mnt/volume016', 1);

